section	url	label	registry_access	registry_view	gate_type	file_require_any_perms	reg_access_in_file	reg_view_in_file	require_login	other_guards_sample
MAIN	dashboards/index.php	Dashboard Center	DASHBOARD.VIEW	DASHBOARD.VIEW	NO_REQUIRE_ANY		N	N	Y	can(DASHBOARD.FINANCE_VIEW)
MAIN	dashboards/owner/exec_summary.php	Executive Summary	DASHBOARD.OWNER_SUMMARY	DASHBOARD.OWNER_SUMMARY	REQUIRE_ANY	DASHBOARD.OWNER_SUMMARY	Y	Y	Y	
MAIN	absensi/checkin.php	Absensi — Check-in	ABSENSI.CHECKIN	ABSENSI.VIEW	NO_REQUIRE_ANY		N	N	Y	
MAIN	absensi/checkout.php	Absensi — Check-out	ABSENSI.CHECKIN	ABSENSI.VIEW	NO_REQUIRE_ANY		N	N	Y	
MAIN	absensi/history.php	Absensi — Riwayat	ABSENSI.VIEW	ABSENSI.VIEW	NO_REQUIRE_ANY		N	N	Y	
MAIN	absensi/izin.php	Absensi — Izin/Dinas	ABSENSI.REQUEST	ABSENSI.VIEW	NO_REQUIRE_ANY		N	N	Y	
MAIN	absensi/request.php	Absensi — Pengajuan	ABSENSI.REQUEST	ABSENSI.VIEW	NO_REQUIRE_ANY		N	N	Y	
MAIN	absensi/approval.php	Absensi — Approval	ABSENSI.APPROVE	ABSENSI.VIEW	NO_REQUIRE_ANY		N	N	Y	
MAIN	absensi/panduan.php	Absensi — Panduan	ABSENSI.VIEW	ABSENSI.VIEW	NO_REQUIRE_ANY		N	N	Y	
MAIN	kpi/kpi_dashboard_daily.php	KPI Dashboard (Daily)	KPI.VIEW	KPI.VIEW	REQUIRE_ANY	KPI.VIEW|DASHBOARD.KPI_VIEW	Y	Y	Y	require_role
MAIN	kpi/kpi_dashboard_monthly.php	KPI Dashboard (Monthly)	KPI.VIEW	KPI.VIEW	REQUIRE_ANY	KPI.VIEW|DASHBOARD.KPI_VIEW	Y	Y	Y	require_role
MAIN	chat/index.php	Internal Chat	CHAT.VIEW	CHAT.VIEW	REQUIRE_ANY	CHAT.VIEW	Y	Y	Y	
MAIN	docs/help_center.php	Help Center	DOCS.VIEW	DOCS.VIEW	NO_REQUIRE_ANY		N	N	Y	
MAIN	docs/modules_hub.php	Modules Hub	DOCS.VIEW	DOCS.VIEW	NO_REQUIRE_ANY		N	N	Y	
MAIN	docs/link/struktur_organisasi.php	Struktur Organisasi	DOCS.VIEW	DOCS.VIEW	NO_REQUIRE_ANY		N	N	Y	sys_gate_ref
MAIN	docs/link/user_guide_rmi.php	User Guide RMI	DOCS.VIEW	DOCS.VIEW	NO_REQUIRE_ANY		N	N	Y	
CRM / SALES	sales/sales_dashboard.php	Sales Dashboard	SALES.VIEW	SALES.VIEW	REQUIRE_ANY	SALES.VIEW|DASHBOARD.SALES_VIEW	Y	Y	Y	require_role
CRM / SALES	sales/sales_control_tower.php	Sales Control Tower	SALES.CONTROL_TOWER_VIEW	SALES.VIEW	REQUIRE_ANY	SALES.VIEW|SALES.EDIT|SALES.CONTROL_TOWER_VIEW	Y	Y	Y	can(SALES.VIEW)
CRM / SALES	sales/sales_do.php	DO / Surat Jalan	SALES.VIEW	SALES.VIEW	REQUIRE_ANY	SALES.VIEW|SALES.CREATE|SALES.EDIT|SALES.DELETE|SALES.EXPORT	Y	Y	Y	can(SALES.CREATE);can(SALES.EDIT);can(SALES.DELETE);can(SALES.EXPORT);require_role
CRM / SALES	sales/sales_do_view.php	DO — Detail / View	SALES.VIEW	SALES.VIEW	REQUIRE_ANY	SALES.VIEW	Y	Y	Y	
CRM / SALES	sales/sales_do_print_cf.php	DO — Print CF	SALES.PRINT	SALES.VIEW	REQUIRE_ANY	SALES.PRINT|SALES.VIEW	Y	Y	Y	require_role
CRM / SALES	sales/sales_do_rekap.php	DO — Rekap	SALES.AUDIT	SALES.AUDIT	NO_REQUIRE_ANY		N	N	N	
CRM / SALES	sales/sales_do_doc_download.php	DO — Download Dokumen	SALES.VIEW	SALES.VIEW	REQUIRE_ANY	SALES.VIEW|SALES.CREATE|SALES.EDIT	Y	Y	Y	
CRM / SALES	sales/tax_invoices.php	Tax Invoice	SALES.VIEW	SALES.VIEW	REQUIRE_ANY	SALES.EDIT|MASTER.ADMIN_CENTER	N	N	Y	require_role
CRM / SALES	sales/export_kpi_do_csv.php	Export KPI DO CSV	SALES.AUDIT	SALES.AUDIT	NO_REQUIRE_ANY		N	N	Y	require_role
CRM / SALES	stock/wqs_do_tasks.php	WQS Task DO	SALES.VIEW	SALES.VIEW	NO_REQUIRE_ANY		N	N	Y	
CRM / SALES	sales/scm_do_tasks.php	SCM Task DO	SALES.VIEW	SALES.VIEW	REQUIRE_ANY	SALES.EDIT|SALES.VIEW	Y	Y	Y	require_role
CRM / SALES	sales/act_do_tasks.php	ACT Task DO	SALES.VIEW	SALES.VIEW	REQUIRE_ANY	SALES.EDIT|SALES.VIEW	Y	Y	Y	require_role
CRM / SALES	sales/fin_do_tasks.php	FIN Task DO	SALES.VIEW	SALES.VIEW	REQUIRE_ANY	SALES.EDIT|SALES.VIEW	Y	Y	Y	require_role
CRM / SALES	sales/kpi_do_audit.php	KPI DO Audit	SALES.AUDIT	SALES.AUDIT	REQUIRE_ANY	KPI.VIEW|SALES.AUDIT|SALES.VIEW	Y	Y	Y	require_role
CRM / SALES	sales/kpi_do_sla.php	KPI SLA DO	SALES.TRACKING_VIEW	SALES.TRACKING_VIEW	REQUIRE_ANY	KPI.VIEW|SALES.AUDIT|SALES.VIEW	N	N	Y	require_role
CRM / SALES	sales/scm_tracker_mobile.php	SCM Tracker Mobile	SALES.EDIT	SALES.VIEW	REQUIRE_ANY	SALES.EDIT|MASTER.ADMIN_CENTER	Y	N	Y	require_role
CRM / SALES	sales/panduan_control_tower.php	Panduan Control Tower	SALES.VIEW	SALES.VIEW	NO_REQUIRE_ANY		N	N	Y	
CRM / SALES	sales/panduan_do_tasks.php	Panduan Task DO	SALES.VIEW	SALES.VIEW	REQUIRE_ANY	SALES.VIEW|SALES.EDIT	Y	Y	Y	
CRM / SALES	sales/panduan.php	Panduan Sales & DO	PANDUAN.SALES_VIEW	PANDUAN.SALES_VIEW	REQUIRE_ANY	PANDUAN.SALES_VIEW|SALES.VIEW|DASHBOARD.SALES_VIEW	Y	Y	Y	
SCM	dashboards/scm/scm_dashboard.php	SCM Dashboard	DASHBOARD.SCM_VIEW	DASHBOARD.SCM_VIEW	NO_REQUIRE_ANY		N	N	Y	
SCM	dashboards/scm/panduan.php	SCM — Panduan	DASHBOARD.SCM_VIEW	DASHBOARD.SCM_VIEW	NO_REQUIRE_ANY		N	N	Y	
SCM	purchases/purchases_import_control_tower.php	Import Control Tower	PURCHASES.IMPORT_CONTROL	PURCHASES.IMPORT_CONTROL	NO_REQUIRE_ANY		N	N	Y	require_role
SCM	purchases/purchases_import_control_view.php	Import CT — Detail	PURCHASES.IMPORT_CONTROL	PURCHASES.IMPORT_CONTROL	REQUIRE_ANY	PURCHASES.IMPORT_CONTROL|PURCHASES.VIEW	Y	Y	Y	require_role
SCM	purchases/purchases_forwarding_tasks.php	Forwarding Tasks	PURCHASES.FORWARDING_VIEW	PURCHASES.FORWARDING_VIEW	NO_REQUIRE_ANY		N	N	Y	require_role
SCM	purchases/purchases_forwarder_quotes.php	Forwarder Quotes	PURCHASES.FORWARDING_VIEW	PURCHASES.FORWARDING_VIEW	REQUIRE_ANY	PURCHASES.FORWARDING_VIEW|PURCHASES.FORWARDING_CREATE|PURCHASES.FORWARDING_EDIT|PURCHASES.VIEW	Y	Y	Y	require_role
SCM	purchases/panduan_import_tower.php	Panduan Import Tower	PANDUAN.PURCHASES_VIEW	PANDUAN.PURCHASES_VIEW	NO_REQUIRE_ANY		N	N	N	
WQS / STOCK	dashboards/warehouse/wqs_dashboard.php	WQS Dashboard	DASHBOARD.WAREHOUSE_VIEW	DASHBOARD.WAREHOUSE_VIEW	NO_REQUIRE_ANY		N	N	Y	
WQS / STOCK	dashboards/warehouse/wqs_dashboard_export.php	WQS Dashboard — Export	STOCK.AUDIT	STOCK.AUDIT	NO_REQUIRE_ANY		N	N	Y	
WQS / STOCK	dashboards/warehouse/panduan.php	Warehouse — Panduan	DASHBOARD.WAREHOUSE_VIEW	DASHBOARD.WAREHOUSE_VIEW	NO_REQUIRE_ANY		N	N	Y	
WQS / STOCK	stock/wqs_stock.php	Stock Overview	STOCK.VIEW	STOCK.VIEW	REQUIRE_ANY	WQS.INCOMING_VIEW|WQS.INCOMING_CREATE|WQS.INCOMING_EDIT|STOCK.CREATE|WQS.PR_VIEW|WQS.PR_CREATE|WQS.PR_EDIT|WQS.PICKING_VIEW|WQS.PICKING_CREATE|WQS.PICKING_EDIT	N	N	Y	require_role
WQS / STOCK	stock/wqs_stock_audit.php	Stock Audit Log	STOCK.AUDIT	STOCK.AUDIT	REQUIRE_ANY	STOCK.AUDIT|WQS.INCOMING_VIEW|WQS.INCOMING_CREATE|WQS.INCOMING_EDIT|STOCK.CREATE	Y	Y	Y	require_role
WQS / STOCK	stock/wqs_stock_opname.php	Stock Opname	STOCK.VIEW	STOCK.VIEW	REQUIRE_ANY	STOCK.CREATE|WQS.INCOMING_VIEW|WQS.INCOMING_CREATE|WQS.INCOMING_EDIT|WQS.PICKING_VIEW|WQS.PICKING_CREATE|WQS.PICKING_EDIT	N	N	Y	
WQS / STOCK	stock/wqs_stock_opname_report.php	Opname Report	STOCK.AUDIT	STOCK.AUDIT	REQUIRE_ANY	STOCK.CREATE|WQS.INCOMING_VIEW|WQS.INCOMING_CREATE|WQS.INCOMING_EDIT|WQS.PICKING_VIEW|WQS.PICKING_CREATE|WQS.PICKING_EDIT	N	N	Y	
WQS / STOCK	stock/wqs_stock_adjustment.php	Stock Adjustment	STOCK.VIEW	STOCK.VIEW	REQUIRE_ANY	STOCK.CREATE	N	N	Y	
WQS / STOCK	stock/wqs_stock_transfer.php	Transfer Stok	WQS.TRANSFER_VIEW	WQS.TRANSFER_VIEW	REQUIRE_ANY	WQS.TRANSFER_VIEW|WQS.TRANSFER_CREATE	Y	Y	Y	
WQS / STOCK	stock/wqs_incoming.php	Incoming Barang	WQS.INCOMING_VIEW	WQS.INCOMING_VIEW	REQUIRE_ANY	WQS.INCOMING_VIEW|WQS.INCOMING_CREATE|WQS.INCOMING_EDIT|PURCHASES.GR_PROCESS|WQS.VIEW	Y	Y	Y	require_role
WQS / STOCK	stock/wqs_incoming_view.php	Incoming — View Detail	WQS.INCOMING_VIEW	WQS.INCOMING_VIEW	REQUIRE_ANY	WQS.INCOMING_VIEW|WQS.INCOMING_CREATE|WQS.INCOMING_EDIT|PURCHASES.GR_PROCESS	Y	Y	Y	require_role
WQS / STOCK	stock/wqs_picking.php	Picking DO	WQS.PICKING_VIEW	WQS.PICKING_VIEW	REQUIRE_ANY	WQS.PICKING_VIEW|WQS.PICKING_CREATE|WQS.PICKING_EDIT|SALES.EDIT|WQS.VIEW	Y	Y	Y	require_role
WQS / STOCK	stock/wqs_picking_view.php	Picking — View Detail	WQS.PICKING_VIEW	WQS.PICKING_VIEW	REQUIRE_ANY	WQS.PICKING_VIEW|WQS.PICKING_CREATE|WQS.PICKING_EDIT|SALES.EDIT	Y	Y	Y	require_role
WQS / STOCK	stock/wqs_allocation.php	Allocation Stok	WQS.ALLOCATION_VIEW	WQS.ALLOCATION_VIEW	REQUIRE_ANY	WQS.ALLOCATION_VIEW|WQS.ALLOCATION_CREATE|WQS.ALLOCATION_EDIT|WQS.INCOMING_VIEW|WQS.INCOMING_CREATE|WQS.INCOMING_EDIT|WQS.VIEW	Y	Y	Y	require_role
WQS / STOCK	stock/wqs_pr.php	Purchase Request (PR)	WQS.PR_VIEW	WQS.PR_VIEW	REQUIRE_ANY	WQS.PR_VIEW|WQS.PR_CREATE|WQS.PR_EDIT|WQS.VIEW|PURCHASES.PO_VIEW|PURCHASES.PO_CREATE|PURCHASES.PO_EDIT	Y	Y	Y	require_role
WQS / STOCK	stock/wqs_pr_view.php	PR — View Detail	WQS.PR_VIEW	WQS.PR_VIEW	REQUIRE_ANY	WQS.PR_VIEW|WQS.PR_CREATE|WQS.PR_EDIT|WQS.VIEW|PURCHASES.VIEW	Y	Y	Y	require_role
WQS / STOCK	stock/wqs_pr_print.php	PR — Print	WQS.PR_VIEW	WQS.PR_VIEW	REQUIRE_ANY	WQS.PR_VIEW|WQS.PR_CREATE|WQS.PR_EDIT|WQS.VIEW|PURCHASES.PO_VIEW|PURCHASES.PO_CREATE|PURCHASES.PO_EDIT|PURCHASES.VIEW	Y	Y	Y	require_role
WQS / STOCK	stock/panduan.php	Stock — Panduan	STOCK.VIEW	STOCK.VIEW	NO_REQUIRE_ANY		N	N	N	
PQP / PURCHASES	purchases/purchases_dashboard.php	Purchases Dashboard	PURCHASES.VIEW	PURCHASES.VIEW	REQUIRE_ANY	PURCHASES.VIEW|DASHBOARD.PROCUREMENT_VIEW	Y	Y	Y	require_role
PQP / PURCHASES	purchases/pqp_rfq.php	RFQ	PQP.VIEW	PQP.VIEW	REQUIRE_ANY	PURCHASES.VIEW|PQP.VIEW	Y	Y	Y	require_role
PQP / PURCHASES	purchases/pqp_rfq_export.php	RFQ — Export	PQP.VIEW	PQP.VIEW	REQUIRE_ANY	PURCHASES.VIEW|PQP.VIEW	Y	Y	Y	require_role
PQP / PURCHASES	purchases/purchases_po.php	Purchase Order (PO)	PURCHASES.PO_VIEW	PURCHASES.PO_VIEW	NO_REQUIRE_ANY		N	N	Y	require_role
PQP / PURCHASES	purchases/purchases_po_view.php	PO — View Detail	PURCHASES.PO_VIEW	PURCHASES.PO_VIEW	NO_REQUIRE_ANY		N	N	Y	require_role
PQP / PURCHASES	purchases/purchases_po_print.php	PO — Print	PURCHASES.PO_VIEW	PURCHASES.PO_VIEW	NO_REQUIRE_ANY		N	N	Y	require_role
PQP / PURCHASES	purchases/purchases_gr.php	Goods Receipt (GR)	PURCHASES.GR_VIEW	PURCHASES.GR_VIEW	REQUIRE_ANY	PURCHASES.GR_PROCESS|WQS.INCOMING_VIEW|WQS.INCOMING_CREATE|WQS.INCOMING_EDIT|PURCHASES.VIEW	N	N	Y	require_role
PQP / PURCHASES	purchases/purchases_ceisa_pib.php	CEISA / PIB	PURCHASES.CEISA_VIEW	PURCHASES.CEISA_VIEW	REQUIRE_ANY	PURCHASES.CEISA_PIB|PURCHASES.VIEW	N	N	Y	require_role
PQP / PURCHASES	purchases/purchases_ceisa_pib_view.php	CEISA / PIB — View	PURCHASES.CEISA_VIEW	PURCHASES.CEISA_VIEW	REQUIRE_ANY	PURCHASES.CEISA_PIB|PURCHASES.VIEW	N	N	Y	require_role
PQP / PURCHASES	purchases/purchases_reports.php	Purchases Reports	PURCHASES.REPORTS_VIEW	PURCHASES.REPORTS_VIEW	REQUIRE_ANY	PURCHASES.REPORTS_VIEW|PURCHASES.AP_INVOICE_CRUD|PURCHASES.AP_PAYMENT_CRUD	Y	Y	Y	
PQP / PURCHASES	purchases/panduan.php	Panduan Purchases	PANDUAN.PURCHASES_VIEW	PANDUAN.PURCHASES_VIEW	REQUIRE_ANY	PANDUAN.PURCHASES_VIEW|PURCHASES.VIEW|DASHBOARD.PROCUREMENT_VIEW	Y	Y	Y	
FIN	dashboards/finance/ar_ap_cash_dashboard.php	Finance Dashboard	DASHBOARD.FINANCE_VIEW	DASHBOARD.FINANCE_VIEW	NO_REQUIRE_ANY		N	N	Y	
FIN	dashboards/finance/ap_rekap.php	Finance — AP Rekap	DASHBOARD.FINANCE_VIEW	DASHBOARD.FINANCE_VIEW	NO_REQUIRE_ANY		N	N	Y	require_role
FIN	dashboards/finance/gl_rekap.php	Finance — GL Rekap	DASHBOARD.FINANCE_VIEW	DASHBOARD.FINANCE_VIEW	NO_REQUIRE_ANY		N	N	Y	require_role
FIN	dashboards/finance/dashboard_detail.php	Finance — Dashboard Detail	DASHBOARD.FINANCE_DETAIL	DASHBOARD.FINANCE_DETAIL	NO_REQUIRE_ANY		N	N	Y	require_role
FIN	dashboards/finance/sales_do_rekap.php	Finance — Sales DO Rekap	DASHBOARD.FINANCE_VIEW	DASHBOARD.FINANCE_VIEW	NO_REQUIRE_ANY		N	N	Y	require_role
FIN	dashboards/finance/target_rekap.php	Finance — Target Rekap	DASHBOARD.FINANCE_VIEW	DASHBOARD.FINANCE_VIEW	NO_REQUIRE_ANY		N	N	Y	require_role
FIN	dashboards/finance/panduan.php	Finance — Panduan	DASHBOARD.FINANCE_VIEW	DASHBOARD.FINANCE_VIEW	NO_REQUIRE_ANY		N	N	Y	
FIN	purchases/purchases_invoice_ap.php	AP Invoice	PURCHASES.AP_INVOICE_VIEW	PURCHASES.AP_INVOICE_VIEW	NO_REQUIRE_ANY		N	N	Y	require_role
FIN	purchases/purchases_invoice_ap_edit.php	AP Invoice — Edit	PURCHASES.AP_INVOICE_EDIT	PURCHASES.AP_INVOICE_VIEW	NO_REQUIRE_ANY		N	N	Y	require_role
FIN	purchases/purchases_payment_ap.php	AP Payment	PURCHASES.AP_PAYMENT_VIEW	PURCHASES.AP_PAYMENT_VIEW	NO_REQUIRE_ANY		N	N	Y	require_role
FIN	purchases/gl_reversal_approvals.php	⭐ GL Reversal Approve	PURCHASES.GL_REVERSAL_APPROVE	PURCHASES.GL_REVERSAL_APPROVE	REQUIRE_ANY	PURCHASES.AP_PAYMENT_VIEW|PURCHASES.AP_PAYMENT_CREATE|PURCHASES.AP_PAYMENT_EDIT|PURCHASES.ADMIN_GL_AUTO|MASTER.ADMIN_CENTER	N	N	Y	require_role
FIN	purchases/fin_gl_auto.php	GL Auto (Admin)	PURCHASES.ADMIN_GL_AUTO	PURCHASES.ADMIN_GL_AUTO	REQUIRE_ANY	PURCHASES.REPORTS_VIEW|PURCHASES.AP_INVOICE_CRUD|PURCHASES.AP_PAYMENT_CRUD|PURCHASES.VIEW	N	N	Y	
FIN	purchases/purchases_forwarder_invoice.php	Forwarder AP Invoice	PURCHASES.FORWARDING_VIEW	PURCHASES.FORWARDING_VIEW	REQUIRE_ANY	PURCHASES.AP_INVOICE_VIEW|PURCHASES.AP_INVOICE_CREATE|PURCHASES.AP_INVOICE_EDIT|PURCHASES.FORWARDING_VIEW|PURCHASES.FORWARDING_CREATE|PURCHASES.FORWARDING_EDIT|PURCHASES.VIEW	Y	Y	Y	require_role
FIN	purchases/purchases_forwarder_payment.php	Forwarder Payment	PURCHASES.FORWARDING_VIEW	PURCHASES.FORWARDING_VIEW	REQUIRE_ANY	PURCHASES.AP_PAYMENT_VIEW|PURCHASES.AP_PAYMENT_CREATE|PURCHASES.AP_PAYMENT_EDIT|PURCHASES.FORWARDING_VIEW|PURCHASES.FORWARDING_CREATE|PURCHASES.FORWARDING_EDIT|PURCHASES.VIEW	Y	Y	Y	require_role
FIN	purchases/bank_recon.php	Bank Rekonsiliasi	PURCHASES.AP_PAYMENT_VIEW	PURCHASES.AP_PAYMENT_VIEW	REQUIRE_ANY	MASTER.COMPANY_BANK_CRUD|PURCHASES.AP_PAYMENT_CRUD|PURCHASES.REPORTS_VIEW|PURCHASES.VIEW	N	N	Y	
FIN	purchases/bank_statement_import.php	Bank Statement Import	PURCHASES.AP_PAYMENT_VIEW	PURCHASES.AP_PAYMENT_VIEW	REQUIRE_ANY	MASTER.COMPANY_BANK_CRUD|PURCHASES.AP_PAYMENT_CRUD|PURCHASES.VIEW	N	N	Y	
FIN	master/company_bank_accounts.php	Rekening Perusahaan	MASTER.COMPANY_BANK_VIEW	MASTER.COMPANY_BANK_VIEW	REQUIRE_ANY	MASTER.COMPANY_BANK_VIEW|MASTER.COMPANY_BANK_CREATE|MASTER.COMPANY_BANK_EDIT|PURCHASES.AP_PAYMENT_VIEW|PURCHASES.AP_PAYMENT_CREATE|PURCHASES.AP_PAYMENT_EDIT	Y	Y	Y	
ACT	dashboards/act/act_dashboard.php	ACT Dashboard	DASHBOARD.ACT_VIEW	DASHBOARD.ACT_VIEW	NO_REQUIRE_ANY		N	N	Y	
ACT	dashboards/act/panduan.php	ACT Dashboard — Panduan	DASHBOARD.ACT_VIEW	DASHBOARD.ACT_VIEW	NO_REQUIRE_ANY		N	N	Y	
ACT	master/master_tax.php	Master Tax	MASTER.TAX_VIEW	MASTER.TAX_VIEW	NO_REQUIRE_ANY		N	N	Y	
FIXED ASSET	Fixed_Asset/index.php	Fixed Asset Dashboard	FIXED_ASSET.VIEW	FIXED_ASSET.VIEW	NO_REQUIRE_ANY		N	N	Y	
FIXED ASSET	Fixed_Asset/assets.php	Daftar Aset	FIXED_ASSET.ASSET_CRUD	FIXED_ASSET.ASSET_VIEW	NO_REQUIRE_ANY		N	N	Y	
FIXED ASSET	Fixed_Asset/ops.php	Operasional Aset	FIXED_ASSET.OPERATIONS	FIXED_ASSET.OPS_VIEW	NO_REQUIRE_ANY		N	N	Y	
FIXED ASSET	Fixed_Asset/depreciation.php	Depresiasi Aset	FIXED_ASSET.VIEW	FIXED_ASSET.VIEW	NO_REQUIRE_ANY		N	N	Y	
FIXED ASSET	Fixed_Asset/tax_annual.php	Tax Tahunan Aset	FIXED_ASSET.TAX_ANNUAL	FIXED_ASSET.TAX_ANNUAL_VIEW	NO_REQUIRE_ANY		N	N	Y	
FIXED ASSET	Fixed_Asset/audit.php	Audit Aset	FIXED_ASSET.AUDIT_VIEW	FIXED_ASSET.AUDIT	NO_REQUIRE_ANY		N	N	Y	
FIXED ASSET	Fixed_Asset/panduan.php	Fixed Asset — Panduan	FIXED_ASSET.VIEW	FIXED_ASSET.VIEW	NO_REQUIRE_ANY		N	N	Y	
HRL	dashboards/hrl/hrl_dashboard.php	HRL Dashboard	DASHBOARD.HRL_VIEW	DASHBOARD.HRL_VIEW	NO_REQUIRE_ANY		N	N	Y	
HRL	dashboards/hrl/panduan.php	HRL Dashboard — Panduan	DASHBOARD.HRL_VIEW	DASHBOARD.HRL_VIEW	NO_REQUIRE_ANY		N	N	Y	
HRL	hrl/hrl_docs.php	HRL Docs	HRL.DOC_VIEW	HRL.DOC_VIEW	NO_REQUIRE_ANY		N	N	Y	
HRL	hrl/hrl_doc_view.php	HRL Doc — View	HRL.DOC_VIEW	HRL.DOC_VIEW	NO_REQUIRE_ANY		N	N	Y	
HRL	hrl/hrl_tower.php	HRL Tower	HRL.PROCESS_VIEW	HRL.PROCESS_VIEW	NO_REQUIRE_ANY		N	N	Y	
HRL	hrl/hr_report_center.php	HR Report Center	ABSENSI.RECAP	ABSENSI.RECAP	NO_REQUIRE_ANY		N	N	N	
HRL	hrl/hrl_ack_report.php	HRL Ack Report	HRL.COMPLIANCE_EXPORT	HRL.COMPLIANCE_EXPORT	NO_REQUIRE_ANY		N	N	Y	
HRL	hrl/panduan.php	HRL — Panduan	HRL.VIEW	HRL.VIEW	NO_REQUIRE_ANY		N	N	N	
HRL	master/master_employees.php	Master Karyawan	MASTER.EMPLOYEE_VIEW	MASTER.EMPLOYEE_VIEW	REQUIRE_ANY	MASTER.EMPLOYEE_VIEW|MASTER.EMPLOYEE_CREATE|MASTER.EMPLOYEE_EDIT	Y	Y	Y	require_role
HRL	master/import_rekening_final.php	Import Rekening Karyawan	HRL.IMPORT_REKENING	MASTER.EMPLOYEE_VIEW	REQUIRE_ANY	HRL.IMPORT_REKENING|MASTER.COMPANY_BANK_VIEW|MASTER.COMPANY_BANK_CREATE|MASTER.COMPANY_BANK_EDIT|PURCHASES.AP_PAYMENT_VIEW|PURCHASES.AP_PAYMENT_CREATE|PURCHASES.AP_PAYMENT_EDIT	Y	N	Y	require_role
HRL PROCESS	hrl_process/tower.php	HRL Process Tower	HRL.PROCESS_VIEW	HRL.PROCESS_VIEW	NO_REQUIRE_ANY		N	N	Y	
HRL PROCESS	hrl_process/tower.php?req_type=CUTI	Pengajuan — Cuti	HRL.REQ_CUTI_VIEW	HRL.REQ_CUTI_VIEW	MISSING_FILE					
HRL PROCESS	hrl_process/tower.php?req_type=IZIN	Pengajuan — Izin	HRL.REQ_IZIN_VIEW	HRL.REQ_IZIN_VIEW	MISSING_FILE					
HRL PROCESS	hrl_process/tower.php?req_type=LEMBUR	Pengajuan — Lembur	HRL.REQ_LEMBUR_VIEW	HRL.REQ_LEMBUR_VIEW	MISSING_FILE					
HRL PROCESS	hrl_process/tower.php?req_type=PERJADIN	Pengajuan — Perjadin	HRL.REQ_PERJADIN_VIEW	HRL.REQ_PERJADIN_VIEW	MISSING_FILE					
HRL PROCESS	hrl_process/tower.php?req_type=PERMINTAAN_KARYAWAN	Pengajuan — Permintaan Karyawan	HRL.REQ_PERMINTAAN_KARYAWAN_VIEW	HRL.REQ_PERMINTAAN_KARYAWAN_VIEW	MISSING_FILE					
HRL PROCESS	hrl_process/tower.php?req_type=KENAIKAN_GAJI	Pengajuan — Kenaikan Gaji	HRL.REQ_KENAIKAN_GAJI_VIEW	HRL.REQ_KENAIKAN_GAJI_VIEW	MISSING_FILE					
HRL PROCESS	hrl_process/tower.php?req_type=REKRUTMEN	Pengajuan — Rekrutmen	HRL.REQ_REKRUTMEN_VIEW	HRL.REQ_REKRUTMEN_VIEW	MISSING_FILE					
HRL PROCESS	hrl_process/request_view.php	Request — View Detail	HRL.PROCESS_VIEW	HRL.PROCESS_VIEW	NO_REQUIRE_ANY		N	N	Y	
HRL PROCESS	hrl_process/request_print.php	Request — Print	HRL.PROCESS_VIEW	HRL.PROCESS_VIEW	NO_REQUIRE_ANY		N	N	Y	
HRL PROCESS	hrl_process/panduan.php	HRL Process — Panduan	HRL.PROCESS_VIEW	HRL.PROCESS_VIEW	NO_REQUIRE_ANY		N	N	Y	
HRL PROCESS	hrl_process/my_pin.php	HRL Process — My PIN	HRL.PROCESS_VIEW	HRL.PROCESS_VIEW	NO_REQUIRE_ANY		N	N	Y	
HRL REG ALKES	hrl_reg_alkes/index.php	Reg Alkes — Dashboard	HRL.REG_ALKES_VIEW	HRL.REG_ALKES_VIEW	REQUIRE_ANY	HRL.REG_ALKES_VIEW|HRL.VIEW|PQP.VIEW	Y	Y	Y	
HRL REG ALKES	hrl_reg_alkes/reg_alkes.php	Reg Alkes — Data NIE	HRL.REG_ALKES_VIEW	HRL.REG_ALKES_VIEW	REQUIRE_ANY	HRL.REG_ALKES_VIEW|HRL.VIEW|PQP.VIEW	Y	Y	Y	
HRL REG ALKES	hrl_reg_alkes/reg_alkes_case.php	Reg Alkes — Case	HRL.REG_ALKES_VIEW	HRL.REG_ALKES_VIEW	REQUIRE_ANY	HRL.REG_ALKES_VIEW|HRL.VIEW|PQP.VIEW	Y	Y	Y	
HRL REG ALKES	hrl_reg_alkes/reg_alkes_control_tower.php	Reg Alkes — Control Tower	HRL.REG_ALKES_VIEW	HRL.REG_ALKES_VIEW	REQUIRE_ANY	HRL.REG_ALKES_VIEW|HRL.VIEW|PQP.VIEW	Y	Y	Y	
HRL REG ALKES	hrl_reg_alkes/reg_alkes_expiry_check.php	Reg Alkes — Expiry Check	HRL.REG_ALKES_VIEW	HRL.REG_ALKES_VIEW	REQUIRE_ANY	HRL.REG_ALKES_VIEW|HRL.VIEW|PQP.VIEW	Y	Y	Y	
HRL REG ALKES	hrl_reg_alkes/reg_alkes_export_compliance.php	Reg Alkes — Export Compliance	HRL.COMPLIANCE_EXPORT	HRL.COMPLIANCE_EXPORT	REQUIRE_ANY	HRL.COMPLIANCE_EXPORT|HRL.REG_ALKES_VIEW|HRL.VIEW|PQP.VIEW	Y	Y	Y	
HRL REG ALKES	hrl_reg_alkes/reg_alkes_sku_by_nie.php	Reg Alkes — SKU by NIE	HRL.REG_ALKES_VIEW	HRL.REG_ALKES_VIEW	REQUIRE_ANY	HRL.REG_ALKES_VIEW|HRL.VIEW|PQP.VIEW	Y	Y	Y	
HRL REG ALKES	hrl_reg_alkes/panduan.php	Reg Alkes — Panduan	HRL.REG_ALKES_VIEW	HRL.REG_ALKES_VIEW	REQUIRE_ANY	HRL.REG_ALKES_VIEW|HRL.VIEW|PQP.VIEW	Y	Y	Y	
ABSENSI ADMIN	absensi/index.php	Absensi — Dashboard	ABSENSI.VIEW	ABSENSI.VIEW	NO_REQUIRE_ANY		N	N	Y	
ABSENSI ADMIN	absensi/admin.php	Absensi — Admin Panel	ABSENSI.ADMIN_USERS	ABSENSI.ADMIN_USERS	NO_REQUIRE_ANY		N	N	Y	
ABSENSI ADMIN	absensi/admin/rekap.php	Admin — Rekap Absensi	ABSENSI.RECAP	ABSENSI.RECAP	NO_REQUIRE_ANY		N	N	Y	
ABSENSI ADMIN	absensi/admin/approval.php	Admin — Approval	ABSENSI.APPROVE	ABSENSI.VIEW	NO_REQUIRE_ANY		N	N	Y	
ABSENSI ADMIN	absensi/admin/offices.php	Admin — Office/GeoFence	ABSENSI.OFFICE_SETTINGS	ABSENSI.OFFICE_SETTINGS	NO_REQUIRE_ANY		N	N	Y	
ABSENSI ADMIN	absensi/admin/pins.php	Admin — Pins	ABSENSI.ADMIN_PINS	ABSENSI.ADMIN_PINS	NO_REQUIRE_ANY		N	N	Y	
ABSENSI ADMIN	absensi/admin/users.php	Admin — Users Mapping	ABSENSI.ADMIN_USERS	ABSENSI.ADMIN_USERS	NO_REQUIRE_ANY		N	N	Y	
ABSENSI ADMIN	absensi/admin/shifts.php	Admin — Shifts	ABSENSI.ADMIN_EDIT	ABSENSI.ADMIN_EDIT	NO_REQUIRE_ANY		N	N	Y	
ABSENSI ADMIN	absensi/admin/settings.php	Admin — Settings	ABSENSI.ADMIN_EDIT	ABSENSI.ADMIN_EDIT	NO_REQUIRE_ANY		N	N	Y	
ABSENSI ADMIN	absensi/admin/broadcast.php	Admin — Broadcast	ABSENSI.ADMIN_EDIT	ABSENSI.ADMIN_EDIT	NO_REQUIRE_ANY		N	N	Y	
ABSENSI ADMIN	absensi/admin/payroll_gate.php	Admin — Payroll Gate	ABSENSI.ADMIN_EDIT	ABSENSI.ADMIN_EDIT	NO_REQUIRE_ANY		N	N	Y	
ABSENSI ADMIN	absensi/kiosk.php	Absensi — Kiosk	ABSENSI.CHECKIN	ABSENSI.VIEW	NO_REQUIRE_ANY		N	N	N	
PAYROLL	payroll/index.php	Payroll Dashboard	PAYROLL.VIEW	PAYROLL.VIEW	NO_REQUIRE_ANY		N	N	Y	
PAYROLL	payroll/payroll_run.php	Payroll Run	PAYROLL.VIEW	PAYROLL.VIEW	NO_REQUIRE_ANY		N	N	Y	
PAYROLL	payroll/salary_matrix.php	Matrix Kompensasi	PAYROLL.MATRIX_VIEW	PAYROLL.MATRIX_VIEW	NO_REQUIRE_ANY		N	N	Y	
PAYROLL	payroll/loans.php	Kasbon / Pinjaman	PAYROLL.LOANS_VIEW	PAYROLL.LOANS_VIEW	NO_REQUIRE_ANY		N	N	Y	
PAYROLL	payroll/payslip.php	Payslip	PAYROLL.PAYSLIP_VIEW	PAYROLL.PAYSLIP_VIEW	NO_REQUIRE_ANY		N	N	Y	
PAYROLL	payroll/payroll_settings.php	Payroll Settings	PAYROLL.SETTINGS	PAYROLL.SETTINGS	NO_REQUIRE_ANY		N	N	Y	
PAYROLL	payroll/audit.php	Payroll Audit Log	PAYROLL.AUDIT	PAYROLL.AUDIT	NO_REQUIRE_ANY		N	N	Y	
PAYROLL	payroll/panduan.php	Payroll — Panduan	PAYROLL.VIEW	PAYROLL.VIEW	NO_REQUIRE_ANY		N	N	N	
KPI	kpi/kpi_center.php	KPI Center	KPI.VIEW	KPI.VIEW	NO_REQUIRE_ANY		N	N	Y	
KPI	kpi/kpi_do_audit.php	KPI DO Audit	KPI.DO_AUDIT	KPI.DO_AUDIT	REQUIRE_ANY	KPI.VIEW|SALES.AUDIT	N	N	Y	
KPI	kpi/kpi_do_sla.php	KPI SLA DO	KPI.DO_VIEW	KPI.DO_VIEW	REQUIRE_ANY	KPI.VIEW|SALES.AUDIT	N	N	Y	
KPI	kpi/kpi_purchases.php	KPI Purchases	KPI.PURCHASES_VIEW	KPI.PURCHASES_VIEW	NO_REQUIRE_ANY		N	N	Y	sys_gate_ref
KPI	kpi/kpi_stock.php	KPI Stock	KPI.STOCK_VIEW	KPI.STOCK_VIEW	NO_REQUIRE_ANY		N	N	Y	
KPI	kpi/kpi_employee.php	KPI Employee	KPI.EMPLOYEE_VIEW	KPI.EMPLOYEE_VIEW	NO_REQUIRE_ANY		N	N	Y	
KPI	kpi/kpi_office.php	KPI Office / Cabang	KPI.OFFICE_VIEW	KPI.OFFICE_VIEW	NO_REQUIRE_ANY		N	N	Y	
KPI	kpi/kpi_snapshot.php	KPI Snapshot	KPI.VIEW	KPI.VIEW	NO_REQUIRE_ANY		N	N	Y	
KPI	kpi/kpi_audit.php	KPI Audit	KPI.DO_AUDIT	KPI.DO_AUDIT	NO_REQUIRE_ANY		N	N	Y	
KPI	kpi/panduan.php	KPI — Panduan	KPI.VIEW	KPI.VIEW	NO_REQUIRE_ANY		N	N	Y	
DASHBOARDS	dashboards/funnels.php	Dashboard Funnels	DASHBOARD.SALES_VIEW	DASHBOARD.SALES_VIEW	REQUIRE_ANY	DASHBOARD.VIEW|DASHBOARD.SALES_VIEW|DASHBOARD.OWNER_VIEW|DASHBOARD.OWNER_SUMMARY	Y	Y	Y	
DASHBOARDS	dashboards/branch/branch_dashboard.php	Branch Dashboard	DASHBOARD.BRANCH_VIEW	DASHBOARD.BRANCH_VIEW	NO_REQUIRE_ANY		N	N	Y	
DASHBOARDS	dashboards/branch/panduan.php	Branch — Panduan	DASHBOARD.BRANCH_VIEW	DASHBOARD.BRANCH_VIEW	NO_REQUIRE_ANY		N	N	Y	
DASHBOARDS	dashboards/procurement/import_po_dashboard.php	Procurement Dashboard	DASHBOARD.PROCUREMENT_VIEW	DASHBOARD.PROCUREMENT_VIEW	NO_REQUIRE_ANY		N	N	Y	
DASHBOARDS	dashboards/quality/qc_complaint_dashboard.php	Quality Dashboard	DASHBOARD.QUALITY_VIEW	DASHBOARD.QUALITY_VIEW	NO_REQUIRE_ANY		N	N	Y	
DASHBOARDS	dashboards/regulatory/license_docs_dashboard.php	Regulatory Dashboard	DASHBOARD.REGULATORY_VIEW	DASHBOARD.REGULATORY_VIEW	NO_REQUIRE_ANY		N	N	Y	
MPR	mpr/mpr_dashboard.php	MPR Dashboard	MPR.VIEW	MPR.VIEW	NO_REQUIRE_ANY		N	N	Y	
MPR	mpr/mpr_plans.php	MPR Plans	MPR.PLAN_VIEW	MPR.PLAN_VIEW	NO_REQUIRE_ANY		N	N	Y	can(MPR.PLAN_EDIT);can(MPR.PLAN_APPROVE);can(MPR.PLAN_IMPORT)
MPR	mpr/mpr_plan_view.php	MPR Plan — View	MPR.PLAN_VIEW	MPR.PLAN_VIEW	NO_REQUIRE_ANY		N	N	Y	can(MPR.PLAN_EDIT)
MPR	mpr/mpr_pipeline.php	MPR Pipeline	MPR.VIEW	MPR.VIEW	NO_REQUIRE_ANY		N	N	Y	
MPR	mpr/mpr_visits.php	MPR Visits	MPR.VIEW	MPR.VIEW	NO_REQUIRE_ANY		N	N	Y	can(MPR.PLAN_EDIT)
MPR	mpr/mpr_budget_fin.php	MPR Budget (FIN)	MPR.VIEW	MPR.VIEW	NO_REQUIRE_ANY		N	N	Y	
MPR	mpr/mpr_ops_daily_fin.php	MPR Ops Daily FIN	MPR.VIEW	MPR.VIEW	NO_REQUIRE_ANY		N	N	Y	
MPR	mpr/mpr_ops_daily_fin_detail.php	MPR Ops Daily — Detail	MPR.VIEW	MPR.VIEW	NO_REQUIRE_ANY		N	N	Y	
MPR	mpr/mpr_ops_daily_fin_pay.php	MPR Ops — Pay	MPR.VIEW	MPR.VIEW	NO_REQUIRE_ANY		N	N	Y	
MPR	mpr/panduan.php	MPR — Panduan	MPR.VIEW	MPR.VIEW	NO_REQUIRE_ANY		N	N	Y	
MASTER DATA	master/master_data.php	Master Data Center	MASTER.VIEW	MASTER.VIEW	REQUIRE_ANY	MASTER.VIEW|MASTER.ADMIN_CENTER	Y	Y	Y	require_role;sys_gate_ref
MASTER DATA	master/master_customers.php	Customers	MASTER.CUSTOMER_VIEW	MASTER.CUSTOMER_VIEW	REQUIRE_ANY	MASTER.CUSTOMER_VIEW|MASTER.CUSTOMER_CREATE|MASTER.CUSTOMER_EDIT	Y	Y	Y	
MASTER DATA	master/master_import_customers.php	Customers — Import	MASTER.IMPORT_CUSTOMERS	MASTER.CUSTOMER_VIEW	REQUIRE_ANY	MASTER.IMPORT_CUSTOMERS|MASTER.CUSTOMER_VIEW|MASTER.CUSTOMER_CREATE|MASTER.CUSTOMER_EDIT|MASTER.ADMIN_CENTER	Y	Y	Y	require_role
MASTER DATA	master/master_export_customers.php	Customers — Export	MASTER.CUSTOMER_EXPORT	MASTER.CUSTOMER_VIEW	NO_REQUIRE_ANY		N	N	Y	
MASTER DATA	master/master_products.php	Products / Produk	MASTER.PRODUCT_VIEW	MASTER.PRODUCT_VIEW	REQUIRE_ANY	MASTER.PRODUCT_VIEW|MASTER.PRODUCT_CREATE|MASTER.PRODUCT_EDIT	Y	Y	Y	
MASTER DATA	master/master_import_products.php	Products — Import	MASTER.IMPORT_PRODUCTS	MASTER.PRODUCT_VIEW	REQUIRE_ANY	MASTER.IMPORT_PRODUCTS|MASTER.PRODUCT_VIEW|MASTER.PRODUCT_CREATE|MASTER.PRODUCT_EDIT|MASTER.ADMIN_CENTER	Y	Y	Y	require_role
MASTER DATA	master/master_products_print.php	Products — Print	MASTER.PRODUCT_VIEW	MASTER.PRODUCT_VIEW	NO_REQUIRE_ANY		N	N	Y	
MASTER DATA	master/master_products_doc.php	Products — Doc	MASTER.PRODUCT_VIEW	MASTER.PRODUCT_VIEW	NO_REQUIRE_ANY		N	N	Y	
MASTER DATA	master/products_media_view.php	Products — Media	MASTER.PRODUCT_VIEW	MASTER.PRODUCT_VIEW	NO_REQUIRE_ANY		N	N	Y	
MASTER DATA	master/master_products_package.php	Paket Produk	MASTER.PRODUCT_PACKAGE_VIEW	MASTER.PRODUCT_PACKAGE_VIEW	REQUIRE_ANY	MASTER.PRODUCT_PACKAGE_VIEW|MASTER.PRODUCT_PACKAGE_CREATE|MASTER.PRODUCT_PACKAGE_EDIT|MASTER.VIEW	Y	Y	Y	require_role
MASTER DATA	master/master_manufactures.php	Manufactures / Pabrikan	MASTER.MANUFACTURE_VIEW	MASTER.MANUFACTURE_VIEW	REQUIRE_ANY	MASTER.MANUFACTURE_VIEW|MASTER.MANUFACTURE_CREATE|MASTER.MANUFACTURE_EDIT	Y	Y	Y	require_role
MASTER DATA	master/manufactures_docs.php	Manufactures Docs	MANUFACTURES_DOCS.ACCESS	MANUFACTURES_DOCS.ACCESS	NO_REQUIRE_ANY		N	N	Y	
MASTER DATA	master/master_vendors.php	Vendors	MASTER.VENDOR_VIEW	MASTER.VENDOR_VIEW	REQUIRE_ANY	MASTER.VENDOR_VIEW|MASTER.VENDOR_CREATE|MASTER.VENDOR_EDIT|MASTER.VENDOR_DELETE	Y	Y	Y	
MASTER DATA	master/master_import_vendors.php	Vendors — Import	MASTER.IMPORT_VENDORS	MASTER.VENDOR_VIEW	REQUIRE_ANY	MASTER.IMPORT_VENDORS|MASTER.VENDOR_VIEW|MASTER.VENDOR_CREATE|MASTER.VENDOR_EDIT|MASTER.ADMIN_CENTER	Y	Y	Y	require_role
MASTER DATA	master/master_pricelist_sell.php	Pricelist Jual	MASTER.PRICELIST_SELL_VIEW	MASTER.PRICELIST_SELL_VIEW	REQUIRE_ANY	MASTER.PRICELIST_SELL_VIEW|MASTER.PRICELIST_SELL_CREATE|MASTER.PRICELIST_SELL_EDIT|MPR.VIEW|MASTER.PRICELIST_BUY_VIEW|MASTER.PRICELIST_BUY_CREATE|MASTER.PRICELIST_BUY_EDIT|MASTER.ADMIN_CENTER	Y	Y	Y	
MASTER DATA	master/master_pricelist.php	Pricelist (Jual & Beli)	MASTER.PRICELIST_SELL_VIEW	MASTER.PRICELIST_SELL_VIEW	NO_REQUIRE_ANY		N	N	Y	
MASTER DATA	master/master_office.php	Office / Cabang	MASTER.OFFICE_VIEW	MASTER.OFFICE_VIEW	REQUIRE_ANY	MASTER.OFFICE_VIEW|MASTER.OFFICE_CREATE|MASTER.OFFICE_EDIT	Y	Y	Y	
MASTER DATA	master/master_payment_terms.php	Payment Terms	MASTER.PAYMENT_TERMS_VIEW	MASTER.PAYMENT_TERMS_VIEW	NO_REQUIRE_ANY		N	N	Y	
MASTER DATA	master/master_emailcompany.php	Email Perusahaan	MASTER.EMAIL_COMPANY_VIEW	MASTER.EMAIL_COMPANY_VIEW	REQUIRE_ANY	MASTER.EMAIL_COMPANY_VIEW|MASTER.EMAIL_COMPANY_CREATE|MASTER.EMAIL_COMPANY_EDIT	Y	Y	Y	
MASTER DATA	master/master_departements.php	Departemen	MASTER.DEPARTMENT_VIEW	MASTER.DEPARTMENT_VIEW	REQUIRE_ANY	MASTER.DEPARTMENT_VIEW|MASTER.DEPARTMENT_CREATE|MASTER.DEPARTMENT_EDIT|MASTER.VIEW	Y	Y	Y	require_role
MASTER DATA	master/doc_numbering_edit.php	Format Penomoran Dokumen	MASTER.ADMIN_CENTER	MASTER.ADMIN_CENTER	NO_REQUIRE_ANY		N	N	Y	sys_gate_ref
MASTER DATA	master/org_structure_edit.php	Org Structure Editor	MASTER.ADMIN_CENTER	MASTER.VIEW	NO_REQUIRE_ANY		N	N	Y	sys_gate_ref
MASTER DATA	master/master_customer_portal_users.php	Customer Portal Users	MASTER.CUSTOMER_VIEW	MASTER.CUSTOMER_VIEW	REQUIRE_ANY	MASTER.CUSTOMER_VIEW|MASTER.CUSTOMER_CREATE|MASTER.CUSTOMER_EDIT|MASTER.VIEW	Y	Y	Y	require_role
MASTER DATA	master/master_manufacturer_portal_users.php	Manufacturer Portal Users	MASTER.MANUFACTURE_VIEW	MASTER.MANUFACTURE_VIEW	REQUIRE_ANY	MASTER.MANUFACTURE_VIEW|MASTER.MANUFACTURE_CREATE|MASTER.MANUFACTURE_EDIT|MASTER.VIEW|PQP.VIEW	Y	Y	Y	require_role
ITC / SYSTEM	dashboards/itc/itc_dashboard.php	ITC Dashboard	DASHBOARD.ITC_VIEW	DASHBOARD.ITC_VIEW	NO_REQUIRE_ANY		N	N	Y	
ITC / SYSTEM	dashboards/itc/panduan.php	ITC — Panduan	DASHBOARD.ITC_VIEW	DASHBOARD.ITC_VIEW	NO_REQUIRE_ANY		N	N	Y	
ITC / SYSTEM	master/itc_reset_password.php	Reset Password User (ITC)	TOOLS.ITC_RESET_PASSWORD	TOOLS.ITC_RESET_PASSWORD	REQUIRE_ANY	SYSTEM.USER_MANAGE	N	N	Y	
ITC / SYSTEM	rbac/index.php	RBAC Center	SYSTEM.RBAC_MANAGE	SYSTEM.RBAC_VIEW	REQUIRE_ANY	SYSTEM.RBAC_MANAGE|SYSTEM.RBAC_VIEW	Y	Y	Y	can(SYSTEM.RBAC_MANAGE)
ITC / SYSTEM	rbac/nav_parallel_report.php	RBAC — Nav / sidebar audit	SYSTEM.RBAC_MANAGE	SYSTEM.RBAC_VIEW	REQUIRE_ANY	SYSTEM.RBAC_MANAGE|SYSTEM.RBAC_VIEW	Y	Y	Y	
ITC / SYSTEM	master/nav_manager.php	Nav Manager	SYSTEM.CONFIG_MANAGE	SYSTEM.CONFIG_MANAGE	REQUIRE_ANY	SYSTEM.CONFIG_MANAGE|SYSTEM.USER_MANAGE|MASTER.ADMIN_CENTER	Y	Y	Y	sys_gate_ref
ITC / SYSTEM	master/master_system_login.php	System Login / Users	SYSTEM.USER_MANAGE	SYSTEM.USER_MANAGE	REQUIRE_ANY	SYSTEM.USER_MANAGE	Y	Y	Y	
ITC / SYSTEM	master/master_user.php	Master User	SYSTEM.USER_MANAGE	SYSTEM.USER_MANAGE	REQUIRE_ANY	MASTER.PIC_CUSTOMER_VIEW|MASTER.PIC_CUSTOMER_CREATE|MASTER.PIC_CUSTOMER_EDIT|MASTER.VIEW	N	N	Y	require_role
ITC / SYSTEM	master/master_system_config.php	System Config	SYSTEM.CONFIG_MANAGE	SYSTEM.CONFIG_MANAGE	NO_REQUIRE_ANY		N	N	Y	
ITC / SYSTEM	master/audit_logs.php	Audit Log	SYSTEM.AUDIT_LOG_VIEW	SYSTEM.AUDIT_LOG_VIEW	REQUIRE_ANY	SYSTEM.AUDIT_LOG_VIEW|SYSTEM.JOBS_MONITOR|SYSTEM.USER_MANAGE|SYSTEM.CONFIG_MANAGE|MASTER.ADMIN_CENTER	Y	Y	Y	
ITC / SYSTEM	master/monitoring_center.php	Monitoring Center	SYSTEM.AUDIT_LOG_VIEW	SYSTEM.AUDIT_LOG_VIEW	REQUIRE_ANY	SYSTEM.AUDIT_LOG_VIEW|SYSTEM.JOBS_MONITOR|SYSTEM.USER_MANAGE|SYSTEM.CONFIG_MANAGE|MASTER.ADMIN_CENTER	Y	Y	Y	
ITC / SYSTEM	master/jobs_monitor.php	Jobs Monitor	SYSTEM.JOBS_MONITOR	SYSTEM.JOBS_MONITOR	REQUIRE_ANY	SYSTEM.JOBS_MONITOR|SYSTEM.USER_MANAGE|SYSTEM.CONFIG_MANAGE	Y	Y	Y	
ITC / SYSTEM	master/security.php	Security	SYSTEM.SECURITY_VIEW	SYSTEM.SECURITY_VIEW	NO_REQUIRE_ANY		N	N	Y	
ITC / SYSTEM	master/mfa_policy.php	MFA Policy	SYSTEM.MFA_POLICY_MANAGE	SYSTEM.MFA_POLICY_MANAGE	REQUIRE_ANY	SYSTEM.MFA_POLICY_MANAGE|SYSTEM.USER_MANAGE|SYSTEM.CONFIG_MANAGE	Y	Y	Y	
ITC / SYSTEM	master/mfa_bypass.php	MFA Bypass	SYSTEM.MFA_BYPASS_MANAGE	SYSTEM.MFA_BYPASS_MANAGE	REQUIRE_ANY	SYSTEM.MFA_BYPASS_MANAGE|SYSTEM.USER_MANAGE	Y	Y	Y	
ITC / SYSTEM	master/mfa_admin_reset.php	MFA Reset User (SYS)	SYSTEM.MFA_USER_RESET	SYSTEM.MFA_USER_RESET	NO_REQUIRE_ANY		N	N	Y	sys_gate_ref
ITC / SYSTEM	master/rate_limit_policies.php	Rate Limit Policies	SYSTEM.RATE_LIMIT_MANAGE	SYSTEM.RATE_LIMIT_MANAGE	REQUIRE_ANY	SYSTEM.RATE_LIMIT_MANAGE|SYSTEM.CONFIG_MANAGE	Y	Y	Y	
ITC / SYSTEM	master/api_partner_keys.php	API Partner Keys	SYSTEM.API_PARTNER_KEYS	SYSTEM.API_PARTNER_KEYS	REQUIRE_ANY	SYSTEM.API_PARTNER_KEYS|SYSTEM.CONFIG_MANAGE	Y	Y	Y	
ITC / SYSTEM	master/account_readiness.php	Account Readiness	SYSTEM.ACCOUNT_READINESS	SYSTEM.ACCOUNT_READINESS	REQUIRE_ANY	SYSTEM.ACCOUNT_READINESS|SYSTEM.USER_MANAGE	Y	Y	Y	
ITC / SYSTEM	tools/index.php	Tools / Backup	TOOLS.VIEW	TOOLS.VIEW	REQUIRE_ANY	TOOLS.VIEW|SYSTEM.RBAC_MANAGE	Y	Y	Y	require_role
CHAT ADMIN	chat/admin_settings.php	Chat Admin — Settings	CHAT.ADMIN_SETTINGS	CHAT.ADMIN_SETTINGS	REQUIRE_ANY	CHAT.ADMIN_SETTINGS|SYSTEM.CONFIG_MANAGE	Y	Y	Y	
CHAT ADMIN	chat/admin/channels.php	Chat Admin — Channels	CHAT.ADMIN_SETTINGS	CHAT.ADMIN_SETTINGS	REQUIRE_ANY	CHAT.ADMIN_SETTINGS|SYSTEM.CONFIG_MANAGE	Y	Y	Y	
CHAT ADMIN	chat/admin_exports.php	Chat Admin — Exports	CHAT.ADMIN_SETTINGS	CHAT.ADMIN_SETTINGS	REQUIRE_ANY	CHAT.ADMIN_SETTINGS|SYSTEM.CONFIG_MANAGE	Y	Y	N	
CHAT ADMIN	chat/admin/audit.php	Chat Admin — Audit	CHAT.ADMIN_SETTINGS	CHAT.ADMIN_SETTINGS	REQUIRE_ANY	CHAT.ADMIN_SETTINGS|SYSTEM.CONFIG_MANAGE	Y	Y	Y	
DOCS	docs/link/sop_mfa.php	SOP MFA	DOCS.VIEW	DOCS.VIEW	NO_REQUIRE_ANY		N	N	Y	
DOCS	docs/monitoring_guide.php	Monitoring Guide	SYSTEM.AUDIT_LOG_VIEW	SYSTEM.AUDIT_LOG_VIEW	REQUIRE_ANY	SYSTEM.AUDIT_LOG_VIEW|SYSTEM.JOBS_MONITOR|SYSTEM.USER_MANAGE|SYSTEM.CONFIG_MANAGE|MASTER.ADMIN_CENTER	Y	Y	Y	
PUBLIK & KHUSUS	sales/tracking_public.php	Tracking Public (Customer)	SALES.TRACKING_VIEW	SALES.TRACKING_VIEW	NO_REQUIRE_ANY		N	N	N	
PUBLIK & KHUSUS	sales/tracking_public_live.php	Tracking Live (Customer)	SALES.TRACKING_VIEW	SALES.TRACKING_VIEW	NO_REQUIRE_ANY		N	N	N	
PUBLIK & KHUSUS	sales/scm_tracker_sop.php	SCM Tracker SOP	SALES.VIEW	SALES.VIEW	REQUIRE_ANY	SALES.EDIT|MASTER.ADMIN_CENTER	N	N	Y	require_role
PUBLIK & KHUSUS	absensi/admin/kiosk_poster.php	Absensi — Kiosk Poster	ABSENSI.ADMIN_EDIT	ABSENSI.ADMIN_EDIT	NO_REQUIRE_ANY		N	N	Y	
PUBLIK & KHUSUS	master/mfa_settings.php	MFA — Settings User	SYSTEM.ACCOUNT_READINESS	SYSTEM.ACCOUNT_READINESS	NO_REQUIRE_ANY		N	N	Y	
PUBLIK & KHUSUS	dashboards/finance/cek_crm_submitted.php	Finance — Cek CRM Submitted	DASHBOARD.FINANCE_VIEW	DASHBOARD.FINANCE_VIEW	NO_REQUIRE_ANY		N	N	Y	require_role
PUBLIK & KHUSUS	mpr/mpr_ops_daily_fin_export.php	MPR — Export Ops Daily	MPR.VIEW	MPR.VIEW	REQUIRE_ANY	MPR.PLAN_EXPORT|MPR.PLAN_VIEW|MPR.VIEW	Y	Y	Y	
PUBLIK & KHUSUS	docs/docs_view.php	Docs — View Dokumen	DOCS.VIEW	DOCS.VIEW	NO_REQUIRE_ANY		N	N	Y	
PUBLIK & KHUSUS	docs/user_guide/index.php	Docs — User Guide	DOCS.VIEW	DOCS.VIEW	NO_REQUIRE_ANY		N	N	Y	
PUBLIK & KHUSUS	docs/officepack_view.php	Docs — Officepack View	DOCS.VIEW	DOCS.VIEW	NO_REQUIRE_ANY		N	N	Y	
PUBLIK & KHUSUS	tools/rbac_diff_config_db.php	RBAC Diff Config vs DB	SYSTEM.RBAC_MANAGE	SYSTEM.RBAC_MANAGE	NO_REQUIRE_ANY		N	N	Y	
