matrix_year,payroll_status,payroll_level,job_title,take_home_pay,basic_salary,op_rate_day,work_days_default,tunj_jabatan,tunj_anak,transport,kuota
2025,PROBATION,1A,Helper,1800000,750000,50000,21,0,0,0,0
2025,PROBATION,1B,Helper,2300000,1250000,50000,21,0,0,0,0
2025,PROBATION,1C,Helper,3625000,1500000,75000,21,0,0,500000,50000
2025,PROBATION,2A,Staff,4529541,2349541,80000,21,0,0,500000,50000
2025,PROBATION,2B,Staff,4779541,2599541,80000,21,0,0,500000,50000
2025,PROBATION,2C,Staff,5029541,2849541,80000,21,0,0,500000,50000
2025,PROBATION,3A,Supervisor,6479541,3099541,80000,21,1200000,0,500000,50000
2025,PROBATION,3B,Supervisor,6679541,3099541,80000,21,1400000,0,500000,50000
2025,PROBATION,3C,Supervisor,7629541,3099541,80000,21,2350000,0,500000,50000
2025,PROBATION,4A,Manager,8429541,3549541,80000,21,2700000,0,500000,50000
2025,PROBATION,4B,Manager,8729541,3549541,80000,21,3000000,0,500000,50000
2025,PROBATION,4C,Manager,9729541,3549541,80000,21,4000000,0,500000,50000
2025,PROBATION,5A,Direktur,10279541,4099541,80000,21,2500000,1500000,500000,50000
2025,PROBATION,5B,Direktur,10779541,4099541,80000,21,2750000,1750000,500000,50000
2025,PROBATION,5C,Direktur,11279541,4099541,80000,21,3000000,2000000,500000,50000
