task_id,phase,task,owner_dept,owner_team,pic_manager,priority,gate,deadline_wib,status,validated_by,validated_at,command_or_url,expected_result,evidence,notes
GL-001,MASTER_DATA,Validasi Master Office,CROSS,Master Data Team,,HIGH,DATA_READY,,NOT_STARTED,,,Kode/nama/kota office lengkap dan aktif,,
GL-002,MASTER_DATA,Validasi Master Departement + mapping office,CROSS,Master Data Team,,HIGH,DATA_READY,,NOT_STARTED,,,Mapping dept ke office valid,,
GL-003,MASTER_DATA,Validasi Master Products (SKU unik),PQP,Product Master Team,,HIGH,DATA_READY,,NOT_STARTED,,,Tidak ada SKU duplikat dan unit valid,,
GL-004,MASTER_DATA,Validasi Master Customers,CRM,Sales Admin,,HIGH,DATA_READY,,NOT_STARTED,,,Customer prioritas siap transaksi,,
GL-005,MASTER_DATA,Validasi Master Manufactures/Supplier,PQP,Purchasing Admin,,HIGH,DATA_READY,,NOT_STARTED,,,Principal/supplier aktif dan lengkap,,
GL-006,MASTER_DATA,Input pricelist awal,CRM,Sales + Finance,,CRITICAL,DATA_READY,,NOT_STARTED,,,Harga awal disetujui owner,,
GL-007,MASTER_DATA,Input opening stock per office/depo,WQS,Warehouse + Stock Admin,,CRITICAL,DATA_READY,,NOT_STARTED,,,Saldo awal sesuai opname,,
GL-008,SYSTEM_CONFIG,Set APP_URL (produksi/NAS),ITC,IT Ops,,HIGH,CONFIG_READY,,IN_PROGRESS,,,http://[IP]/ERP_RMI_SOFULL,APP URL konsisten untuk smoke,,
GL-009,SYSTEM_CONFIG,Validasi ERP_DB_* / DB_* env,ITC,IT Ops + DBA,,CRITICAL,CONFIG_READY,,NOT_STARTED,,,.env / config.php,Koneksi DB konsisten tanpa fallback ambigu,,
GL-010,SYSTEM_CONFIG,Verifikasi scheduler backup,ITC,DevOps,,CRITICAL,CONFIG_READY,,NOT_STARTED,,,tools/backup_schedule.php,Enabled + next run terdeteksi,,
GL-011,SYSTEM_CONFIG,Verifikasi scheduler smoke,ITC,DevOps + QA,,CRITICAL,CONFIG_READY,,NOT_STARTED,,,tools/smoke_schedule.php,Enabled + next run terdeteksi,,
GL-012,SECURITY,Test RBAC non-admin blocked,ITC,Security + QA,,CRITICAL,SECURITY_READY,,READY,,,dashboard_role_smoke,Harus 403/blocked,tools/qa/dashboard_role_smoke.last.json,PASS scoped deny/allow
GL-013,SECURITY,Test CSRF mutating endpoint,ITC,Security + QA,,CRITICAL,SECURITY_READY,,NOT_STARTED,,,POST mutating tanpa token,Harus 403/ditolak,,
GL-014,SECURITY,Validasi masking [APP_ROOT]/[REDACTED],ITC,Security + QA,,HIGH,SECURITY_READY,,NOT_STARTED,,,tools/index.php; tools/health.php,Tidak ada path/secret mentah,,
GL-015,TECH_CHECK,Run health check,ITC,QA,,CRITICAL,TECH_READY,,NOT_STARTED,,,/tools/health.php,Tidak ada critical blocker,,
GL-016,TECH_CHECK,Run contract strict,ITC,QA,,CRITICAL,TECH_READY,,NOT_STARTED,,,contract_check.php --strict,ok=true,,
GL-017,TECH_CHECK,Run cutover checks,CROSS,Release + QA,,CRITICAL,TECH_READY,,NOT_STARTED,,,run_cutover_checks.php,overall_ok=true fail_count=0,,
GL-018,TECH_CHECK,Run tools dashboard smoke,ITC,QA,,HIGH,TECH_READY,,READY,,,tools_dashboard_smoke,ok=true tanpa fatal runtime,storage/logs/readiness_report_last.json,PASS
GL-019,BUSINESS_UAT,UAT Sales flow (DO/CRM/leads),CRM,Sales + QA,,CRITICAL,BUSINESS_READY,,NOT_STARTED,,,Skenario Sales inti,Transaksi inti sukses tanpa fatal,,
GL-020,BUSINESS_UAT,UAT Purchases flow (PR/PO/GR/AP),PQP,Purchasing + QA,,CRITICAL,BUSINESS_READY,,NOT_STARTED,,,Skenario Purchases inti,Transaksi inti sukses tanpa fatal,,
GL-021,BUSINESS_UAT,UAT Stock flow (incoming/picking/allocation),WQS,Warehouse + QA,,CRITICAL,BUSINESS_READY,,NOT_STARTED,,,Skenario Stock inti,Saldo dan mutasi sesuai ekspektasi,,
GL-022,BUSINESS_UAT,UAT SCM flow (delivery/vendor/forwarding),SCM,SCM + QA,,HIGH,BUSINESS_READY,,NOT_STARTED,,,Skenario SCM,Pengiriman dan tracking sesuai,,
GL-023,BUSINESS_UAT,UAT Finance flow (AR/AP/cash/report),FIN,Finance + QA,,CRITICAL,BUSINESS_READY,,NOT_STARTED,,,Skenario Finance/report,Angka sesuai ekspektasi owner,,
GL-024,BUSINESS_UAT,UAT HRL flow (docs/absensi/payroll),HRL,HRL + QA,,HIGH,BUSINESS_READY,,NOT_STARTED,,,Skenario HRL,Dokumen dan absensi valid,,
GL-025,BUSINESS_UAT,UAT Fixed Asset flow,ACT,ACT + QA,,HIGH,BUSINESS_READY,,NOT_STARTED,,,Skenario Fixed Asset,Asset dan depresiasi sesuai,,
GL-026,BUSINESS_UAT,UAT MPR flow (plans/import),MPR,MPR + QA,,HIGH,BUSINESS_READY,,NOT_STARTED,,,Skenario MPR,Plan dan import valid,,
GL-027,BUSINESS_UAT,UAT BRANCH flow (depo all-in-one),BRANCH,BRANCH Manager + QA,,CRITICAL,BUSINESS_READY,,NOT_STARTED,,,Skenario BRANCH,Sales+Stock+Purchases+Finance di depo berjalan,,
GL-028,SIGN_OFF,Technical sign-off (Release/Eng/Sec/QA),ITC,Release Board,,CRITICAL,GO_NO_GO,,NOT_STARTED,,,Semua gate DATA/CONFIG/SECURITY/TECH READY,,
GL-029,SIGN_OFF,Business sign-off,CROSS,Business Owner,,CRITICAL,GO_NO_GO,,NOT_STARTED,,,Persetujuan bisnis tertulis tersedia,,
GL-030,SIGN_OFF,Final verdict GO/NO-GO,CROSS,Release Board,,CRITICAL,GO_NO_GO,,NO_GO,,,GO hanya jika semua gate PASS,,
