section,item,owner_dept,owner_team,pic_manager,deadline_wib,status,validated_by,validated_at,command_or_url,expected_result,evidence,notes
ROLL_OUT_IDENTITY,Environment (PRODUCTION/UAT/STAGING),CROSS,Release Management,,,,NOT_STARTED,,,Environment disepakati,,
ROLL_OUT_IDENTITY,APP URL,ITC,IT Ops,,,,IN_PROGRESS,,,http://[IP]/ERP_RMI_SOFULL,URL dapat diakses sesuai env,,
ROLL_OUT_IDENTITY,Cutover Date (WIB),CROSS,Release Management,,,,NOT_STARTED,,,Jadwal terkunci,,
ROLL_OUT_IDENTITY,Release Commit/Tag,CROSS,Engineering,,,,NOT_STARTED,,,Commit/tag release final jelas,,
ROLL_OUT_IDENTITY,Release Manager,CROSS,Release Management,,,,NOT_STARTED,,,PIC release ditetapkan,,
ROLL_OUT_IDENTITY,Business Owner,CROSS,Business,,,,NOT_STARTED,,,PIC bisnis ditetapkan,,
MASTER_DATA,Master Office (kode/nama/kota),CROSS,Master Data Team,,,,NOT_STARTED,,,Data office lengkap dan aktif,,
MASTER_DATA,Master Departement (kode/nama/mapping office),CROSS,Master Data Team,,,,NOT_STARTED,,,Data dept lengkap dan mapping valid,,
MASTER_DATA,User awal + role (ADMIN/SUPERADMIN/operasional),ITC,IT Ops + Security,,,,NOT_STARTED,,,Akun dan role awal siap pakai,,
MASTER_DATA,Master Products (SKU/nama/unit/kategori/status),PQP,Product Master Team,,,,NOT_STARTED,,,SKU unik dan aktif sesuai kebutuhan,,
MASTER_DATA,Master Customers (kode/nama/segment/alamat/kontak),CRM,Sales Admin,,,,NOT_STARTED,,,Customer utama siap transaksi,,
MASTER_DATA,Master Manufactures (kode/nama/PIC/bank/status),PQP,Purchasing Admin,,,,NOT_STARTED,,,Principal/supplier siap dipakai,,
MASTER_DATA,Pricelist awal per SKU/customer/channel,CRM,Sales + Finance,,,,NOT_STARTED,,,Harga awal tervalidasi owner,,
MASTER_DATA,Rekening bank perusahaan + mapping dasar,FIN,Finance,,,,NOT_STARTED,,,Akun bank dan mapping valid,,
MASTER_DATA,Term pembayaran (DP/final/tempo),FIN,Finance + Purchasing,,,,NOT_STARTED,,,Term sesuai SOP bisnis,,
MASTER_DATA,Parameter pajak dasar (jika dipakai),FIN,Finance + Tax,,,,NOT_STARTED,,,Pajak dasar terset benar,,
MASTER_DATA,Opening stock per SKU per office/depo,WQS,Warehouse + Stock Admin,,,,NOT_STARTED,,,Saldo awal sesuai opname,,
MASTER_DATA,Lot/serial/exp untuk tracked products,WQS,Warehouse + QA,,,,NOT_STARTED,,,Data batch/serial valid,,
MASTER_DATA,Outstanding transaksi open (PO/GR/DO/AP/AR),CROSS,All Functional Teams,,,,NOT_STARTED,,,Transaksi open tidak terlewat,,
SYSTEM_CONFIG,APP_URL valid (produksi/NAS),ITC,IT Ops,,,,IN_PROGRESS,,,.env / runtime config,APP URL terbaca benar oleh tools,,
SYSTEM_CONFIG,ERP_DB_* / DB_* valid dan konsisten,ITC,IT Ops + DBA,,,,NOT_STARTED,,,.env / config.php,Koneksi DB sukses tanpa fallback ambigu,,
SYSTEM_CONFIG,Admin guard + CSRF mutating terverifikasi,ITC,Security + QA,,,,NOT_STARTED,,,tools admin pages + mutating POST,Guard dan CSRF enforce 403 saat invalid,,
SYSTEM_CONFIG,Masking aktif ([APP_ROOT]/[REDACTED]),ITC,Security + QA,,,,NOT_STARTED,,,tools/index.php; tools/health.php,Tidak ada path/secret mentah di UI/log,,
SYSTEM_CONFIG,Backup scheduler aktif + next run terdeteksi,ITC,DevOps,,,,NOT_STARTED,,,tools/backup_schedule.php,Scheduler ENABLED dan next run ada,,
SYSTEM_CONFIG,Smoke scheduler aktif + next run terdeteksi,ITC,DevOps + QA,,,,NOT_STARTED,,,tools/smoke_schedule.php,Scheduler ENABLED dan next run ada,,
SYSTEM_CONFIG,Alert banner/email (opsional) tervalidasi,ITC,DevOps + Security,,,,NOT_STARTED,,,tools/index.php,Banner sesuai kondisi; email tidak spam,,
PRE_GO_LIVE_VALIDATION,Health page (tools/health.php) sehat tanpa critical,ITC,QA,,,,NOT_STARTED,,,/tools/health.php,Status sehat tanpa critical blocking,,
PRE_GO_LIVE_VALIDATION,Contract strict check PASS (ok=true),ITC,QA,,,,NOT_STARTED,,,contract_check.php --strict,ok=true dan error_masked kosong/aman,,
PRE_GO_LIVE_VALIDATION,Cutover checks PASS (overall_ok=true),CROSS,Release + QA,,,,NOT_STARTED,,,run_cutover_checks.php,overall_ok=true fail_count=0,,
PRE_GO_LIVE_VALIDATION,Tools dashboard smoke PASS,ITC,QA,,,,READY,,,tools_dashboard_smoke,ok=true tanpa fatal runtime,storage/logs/readiness_report_last.json,PASS 2026-02-13
PRE_GO_LIVE_VALIDATION,RBAC non-admin blocked (403),ITC,Security + QA,,,,READY,,,dashboard_role_smoke,Harus 403/blocked,tools/qa/dashboard_role_smoke.last.json,PASS scoped deny/allow 2026-02-13
PRE_GO_LIVE_VALIDATION,POST tanpa CSRF ditolak (403),ITC,Security + QA,,,,NOT_STARTED,,,mutating POST tanpa token,Harus ditolak 403,,
PRE_GO_LIVE_VALIDATION,Business flow Sales/Purchases/Stock/Finance PASS,CROSS,Business + QA,,,,NOT_STARTED,,,skenario UAT inti,Tidak ada fatal dan angka sesuai ekspektasi,,
GO_NO_GO_GATE,Data master siap (tidak ada BLOCKED),CROSS,Release + Functional Leads,,,,NOT_STARTED,,,Semua item wajib READY,,
GO_NO_GO_GATE,Konfigurasi sistem siap,CROSS,Release + IT Ops,,,,NOT_STARTED,,,APP/DB/Security/Scheduler READY,,
GO_NO_GO_GATE,Technical checks siap,CROSS,Release + QA,,,,NOT_STARTED,,,Health/Contract/Cutover/Smoke PASS,,
GO_NO_GO_GATE,Business UAT sign-off siap,CROSS,Business Owner + QA,,,,NOT_STARTED,,,Sign-off tertulis tersedia,,
GO_NO_GO_GATE,Final verdict (GO/NO-GO),CROSS,Release Board,,,,NO_GO,,,GO hanya jika semua gate PASS,,
SIGN_OFF,Release Manager sign-off,CROSS,Release Management,,,,NOT_STARTED,,,Tanda tangan final tersedia,,
SIGN_OFF,Engineering Lead sign-off,CROSS,Engineering,,,,NOT_STARTED,,,Tanda tangan final tersedia,,
SIGN_OFF,Security sign-off,ITC,Security,,,,NOT_STARTED,,,Tanda tangan final tersedia,,
SIGN_OFF,QA Lead sign-off,CROSS,QA,,,,NOT_STARTED,,,Tanda tangan final tersedia,,
SIGN_OFF,Business Owner sign-off,CROSS,Business,,,,NOT_STARTED,,,Tanda tangan final tersedia,,
